
--
-- 資料庫： `jomalone`
--
CREATE DATABASE IF NOT EXISTS `jomalone` DEFAULT CHARACTER SET utf8 COLLATE utf8_general_ci;
USE `jomalone`;

-- --------------------------------------------------------

--
-- 資料表結構 `capacity`
--

CREATE TABLE `capacity` (
  `sid` int(11) NOT NULL,
  `capacity` varchar(11) NOT NULL,
  `note` varchar(30) NOT NULL
) ENGINE=InnoDB DEFAULT CHARSET=utf8;

--
-- 資料表的匯出資料 `capacity`
--

INSERT INTO `capacity` (`sid`, `capacity`, `note`) VALUES
(1, '30ml', '小香水'),
(2, '100ml', '大香水'),
(3, '165ml', '藤枝擴香組'),
(4, '175ml', '潤膚乳霜'),
(5, '250ml', '沐浴凝膠,潤膚乳液,沐浴油'),
(6, '100g', '沐浴香皂'),
(7, '200g', '蠟燭');

-- --------------------------------------------------------

--
-- 資料表結構 `price`
--

CREATE TABLE `price` (
  `sid` int(11) NOT NULL,
  `price` int(11) NOT NULL,
  `type_id` int(11) NOT NULL,
  `note` text NOT NULL
) ENGINE=InnoDB DEFAULT CHARSET=utf8;

--
-- 資料表的匯出資料 `price`
--

INSERT INTO `price` (`sid`, `price`, `type_id`, `note`) VALUES
(1, 2300, 1, '香水30ml'),
(2, 4600, 1, '香水100ml'),
(3, 2520, 2, '沐浴油'),
(4, 3100, 3, '潤膚乳霜'),
(5, 1620, 4, '手部及身體沐浴凝膠'),
(6, 2360, 5, '手部及身體潤膚乳液'),
(7, 870, 6, '沐浴香皂'),
(8, 2630, 7, '香氛工藝蠟燭'),
(9, 3500, 8, '藤枝擴香組');

-- --------------------------------------------------------

--
-- 資料表結構 `products`
--

CREATE TABLE `products` (
  `sid` int(11) NOT NULL,
  `parent_id` int(11) NOT NULL DEFAULT '1',
  `series_id` int(11) NOT NULL DEFAULT '1',
  `series_name` varchar(255) NOT NULL,
  `type_id` int(11) NOT NULL,
  `type_name` varchar(255) NOT NULL,
  `capacity` varchar(11) NOT NULL,
  `price` int(11) NOT NULL,
  `procduct_id` varchar(255) NOT NULL,
  `product_name` varchar(255) NOT NULL,
  `info` text NOT NULL
) ENGINE=InnoDB DEFAULT CHARSET=utf8;

--
-- 資料表的匯出資料 `products`
--

INSERT INTO `products` (`sid`, `parent_id`, `series_id`, `series_name`, `type_id`, `type_name`, `capacity`, `price`, `procduct_id`, `product_name`, `info`) VALUES
(1, 1, 4, '甘筍花與小茴香', 1, '香水', '30ml', 2300, 'SC04FRA', '甘筍花與小茴香香水', ''),
(2, 1, 5, '野草莓與歐芹', 1, '香水', '30ml', 2300, 'SC05FRA', '野草莓與歐芹香水', ''),
(3, 1, 6, '酸模與檸檬百里香', 1, '香水', '30ml', 2300, 'SC06FRA', '酸模與檸檬百里香香水', ''),
(4, 1, 7, '旱金蓮與四葉草', 1, '香水', '30ml', 2300, 'SC07FRA', '旱金蓮與四葉草香水', ''),
(5, 1, 8, '薰衣草與芫荽', 1, '香水', '30ml', 2300, 'SC08FRA', '薰衣草與芫荽香水', ''),
(6, 2, 9, '青檸羅勒與柑橘', 1, '香水', '30ml', 2300, 'MD09FRA_30ml', '青檸羅勒與柑橘香水', ''),
(7, 2, 9, '青檸羅勒與柑橘', 1, '香水', '100ml', 4600, 'MD09FRA_100ml', '青檸羅勒與柑橘香水', ''),
(8, 2, 9, '青檸羅勒與柑橘', 2, '沐浴油', '250ml', 2520, 'MD09OIL', '青檸羅勒與柑橘沐浴油', ''),
(9, 2, 9, '青檸羅勒與柑橘', 5, '手部及身體潤膚乳液', '250ml', 2360, 'MD09LO', '青檸羅勒與柑橘手部及身體潤膚乳液', ''),
(10, 2, 9, '青檸羅勒與柑橘', 6, '沐浴香皂', '100g', 870, 'MD09SP', '青檸羅勒與柑橘沐浴香皂', ''),
(11, 2, 9, '青檸羅勒與柑橘', 7, '香氛工藝蠟燭', '200g', 2630, 'MD09CDL', '青檸羅勒與柑橘香氛工藝蠟燭', ''),
(12, 2, 9, '青檸羅勒與柑橘', 8, '藤枝擴香組', '165ml', 3500, 'MD09ST', '青檸羅勒與柑橘藤枝擴香組', ''),
(13, 2, 10, '牡丹與胭紅麂絨', 1, '香水', '30ml', 2300, 'MD10FRA_30ml', '牡丹與胭紅麂絨香水', ''),
(14, 2, 10, '牡丹與胭紅麂絨', 1, '香水', '100ml', 4600, 'MD10FRA_100ml', '牡丹與胭紅麂絨香水', ''),
(15, 2, 10, '牡丹與胭紅麂絨', 2, '沐浴油', '250ml', 2520, 'MD10OIL', '牡丹與胭紅麂絨沐浴油', ''),
(16, 2, 10, '牡丹與胭紅麂絨', 3, '潤膚乳霜', '175ml', 3100, 'MD10CRA', '牡丹與胭紅麂絨潤膚乳霜', ''),
(17, 2, 10, '牡丹與胭紅麂絨', 7, '香氛工藝蠟燭', '200g', 2630, 'MD10CDL', '牡丹與胭紅麂絨沐浴香皂', ''),
(18, 2, 11, '英國梨與小蒼蘭', 1, '香水', '30ml', 2300, 'MD11FRA_30ml', '英國梨與小蒼蘭香水', ''),
(19, 2, 11, '英國梨與小蒼蘭', 1, '香水', '100ml', 4600, 'MD11FRA_100ml', '英國梨與小蒼蘭香水', ''),
(20, 2, 11, '英國梨與小蒼蘭', 2, '沐浴油', '250ml', 2520, 'MD11OIL', '英國梨與小蒼蘭沐浴油', ''),
(21, 2, 11, '英國梨與小蒼蘭', 3, '潤膚乳霜', '175ml', 3100, 'MD11CRA', '英國梨與小蒼蘭潤膚乳霜', ''),
(22, 2, 11, '英國梨與小蒼蘭', 4, '手部及身體沐浴凝膠', '250ml', 1620, 'MD11GEL', '英國梨與小蒼蘭手部及身體沐浴凝膠', ''),
(23, 2, 11, '英國梨與小蒼蘭', 5, '手部及身體潤膚乳液', '250ml', 2360, 'MD11LO', '英國梨與小蒼蘭手部及身體潤膚乳液', ''),
(24, 2, 11, '英國梨與小蒼蘭', 6, '沐浴香皂', '100g', 870, 'MD11SP', '英國梨與小蒼蘭沐浴香皂', ''),
(25, 2, 11, '英國梨與小蒼蘭', 7, '香氛工藝蠟燭', '200g', 2630, 'MD11CDL', '英國梨與小蒼蘭香氛工藝蠟燭', ''),
(26, 2, 11, '英國梨與小蒼蘭', 8, '藤枝擴香組', '165ml', 3500, 'MD11ST', '英國梨與小蒼蘭藤枝擴香組', ''),
(27, 2, 12, '紅玫瑰', 1, '香水', '30ml', 2300, 'MD12FRA_30ml', '紅玫瑰香水', ''),
(28, 2, 12, '紅玫瑰', 1, '香水', '100ml', 4600, 'MD12FRA_100ml', '紅玫瑰香水', ''),
(29, 2, 12, '紅玫瑰', 2, '沐浴油', '250ml', 2520, 'MD12OIL', '紅玫瑰沐浴油', ''),
(30, 2, 12, '紅玫瑰', 3, '潤膚乳霜', '175ml', 3100, 'MD12CRA', '紅玫瑰潤膚乳霜', ''),
(31, 2, 12, '紅玫瑰', 4, '手部及身體沐浴凝膠', '250ml', 1620, 'MD12GEL', '紅玫瑰手部及身體沐浴凝膠', ''),
(32, 2, 12, '紅玫瑰', 5, '手部及身體潤膚乳液', '250ml', 2360, 'MD12LO', '紅玫瑰手部及身體潤膚乳液', ''),
(33, 2, 12, '紅玫瑰', 6, '沐浴香皂', '100g', 870, 'MD12SP', '紅玫瑰沐浴香皂', ''),
(34, 2, 12, '紅玫瑰', 7, '香氛工藝蠟燭', '200g', 2630, 'MD12CDL', '紅玫瑰香氛工藝蠟燭', ''),
(35, 2, 12, '紅玫瑰', 8, '藤枝擴香組', '165ml', 3500, 'MD12ST', '紅玫瑰藤枝擴香組', ''),
(36, 2, 13, '黑石榴', 1, '香水', '30ml', 2300, 'MD13FRA_30ml', '黑石榴香水', ''),
(37, 2, 13, '黑石榴', 1, '香水', '100ml', 4600, 'MD13FRA_100ml', '黑石榴香水', ''),
(38, 2, 13, '黑石榴', 2, '沐浴油', '250ml', 2520, 'MD13OIL', '黑石榴沐浴油', ''),
(39, 2, 13, '黑石榴', 3, '潤膚乳霜', '175ml', 3100, 'MD13CRA', '黑石榴潤膚乳霜', ''),
(40, 2, 13, '黑石榴', 4, '手部及身體沐浴凝膠', '250ml', 1620, 'MD13GEL', '黑石榴手部及身體沐浴凝膠', ''),
(41, 2, 13, '黑石榴', 5, '手部及身體潤膚乳液', '250ml', 2360, 'MD13LO', '黑石榴手部及身體潤膚乳液', ''),
(42, 2, 13, '黑石榴', 6, '沐浴香皂', '100g', 870, 'MD13SP', '黑石榴沐浴香皂', ''),
(43, 2, 13, '黑石榴', 7, '香氛工藝蠟燭', '200g', 2630, 'MD13CDL', '黑石榴香氛工藝蠟燭', ''),
(44, 2, 13, '黑石榴', 8, '藤枝擴香組', '165ml', 3500, 'MD13ST', '黑石榴藤枝擴香組', ''),
(45, 3, 14, '含羞草與小荳蔻', 1, '香水', '30ml', 2300, 'LO14FRA_30ml', '含羞草與小荳蔻香水', ''),
(46, 3, 14, '含羞草與小荳蔻', 1, '香水', '100ml', 4600, 'LO14FRA_100ml', '含羞草與小荳蔻香水', ''),
(47, 3, 14, '含羞草與小荳蔻', 3, '潤膚乳霜', '175ml', 3100, 'LO14CRA', '含羞草與小荳蔻潤膚乳霜', ''),
(48, 3, 14, '含羞草與小荳蔻', 4, '手部及身體沐浴凝膠', '250ml', 1620, 'LO14GEL', '含羞草與小荳蔻手部及身體沐浴凝膠', ''),
(49, 3, 15, '伯爵茶與小黃瓜', 1, '香水', '30ml', 2300, 'LO15FRA_30ml', '伯爵茶與小黃瓜香水', ''),
(50, 3, 15, '伯爵茶與小黃瓜', 1, '香水', '100ml', 4600, 'LO15FRA_100ml', '伯爵茶與小黃瓜香水', ''),
(51, 3, 16, '白茉莉與薄荷', 1, '香水', '30ml', 2300, 'LO16FRA_30ml', '白茉莉與薄荷香水', ''),
(52, 3, 16, '白茉莉與薄荷', 1, '香水', '100ml', 4600, 'LO16FRA_100ml', '白茉莉與薄荷香水', ''),
(53, 3, 16, '白茉莉與薄荷', 2, '沐浴油', '250ml', 2520, 'LO16OIL', '白茉莉與薄荷沐浴油', ''),
(54, 3, 16, '白茉莉與薄荷', 3, '潤膚乳霜', '175ml', 3100, 'LO16CRA', '白茉莉與薄荷潤膚乳霜', ''),
(55, 3, 16, '白茉莉與薄荷', 4, '手部及身體沐浴凝膠', '250ml', 1620, 'LO16GEL', '白茉莉與薄荷手部及身體沐浴凝膠', ''),
(56, 3, 16, '白茉莉與薄荷', 5, '手部及身體潤膚乳液', '250ml', 2360, 'LO16LO', '白茉莉與薄荷手部及身體潤膚乳液', ''),
(57, 3, 16, '白茉莉與薄荷', 7, '香氛工藝蠟燭', '200g', 2630, 'LO16CDL', '白茉莉與薄荷香氛工藝蠟燭', ''),
(58, 3, 17, '鼠尾草與海鹽', 1, '香水', '30ml', 2300, 'LO17FRA_30ml', '鼠尾草與海鹽香水', ''),
(59, 3, 17, '鼠尾草與海鹽', 1, '香水', '100ml', 4600, 'LO17FRA_100ml', '鼠尾草與海鹽香水', ''),
(60, 3, 17, '鼠尾草與海鹽', 3, '潤膚乳霜', '175ml', 3100, 'LO17CRA', '鼠尾草與海鹽潤膚乳霜', ''),
(61, 3, 17, '鼠尾草與海鹽', 4, '手部及身體沐浴凝膠', '250ml', 1620, 'LO17GEL', '鼠尾草與海鹽手部及身體沐浴凝膠', ''),
(62, 3, 17, '鼠尾草與海鹽', 7, '香氛工藝蠟燭', '200g', 2630, 'LO17CDL', '鼠尾草與海鹽香氛工藝蠟燭', ''),
(63, 3, 18, '橙花', 1, '香水', '30ml', 2300, 'LO18FRA_30ml', '橙花香水', ''),
(64, 3, 18, '橙花', 1, '香水', '100ml', 4600, 'LO18FRA_100ml', '', ''),
(65, 3, 18, '橙花', 2, '沐浴油', '250ml', 2520, 'LO18OIL', '橙花沐浴油', ''),
(66, 3, 18, '橙花', 4, '手部及身體沐浴凝膠', '250ml', 1620, 'LO18GEL', '橙花手部及身體沐浴凝膠', ''),
(67, 3, 18, '橙花', 5, '手部及身體潤膚乳液', '250ml', 2360, 'LO18LO', '橙花手部及身體潤膚乳液', ''),
(68, 3, 18, '橙花', 7, '香氛工藝蠟燭', '200g', 2630, 'LO18CDL', '橙花香氛工藝蠟燭', '');

-- --------------------------------------------------------

--
-- 資料表結構 `series`
--

CREATE TABLE `series` (
  `sid` int(11) NOT NULL,
  `series_name` varchar(30) NOT NULL,
  `parent_id` int(11) NOT NULL DEFAULT '0'
) ENGINE=InnoDB DEFAULT CHARSET=utf8;

--
-- 資料表的匯出資料 `series`
--

INSERT INTO `series` (`sid`, `series_name`, `parent_id`) VALUES
(1, '祕密花園', 0),
(2, '摩登時代', 0),
(3, '漫活森林', 0),
(4, '甘筍花與小茴香', 1),
(5, '野草莓與歐芹', 1),
(6, '酸模與檸檬百里香', 1),
(7, '旱金蓮與四葉草', 1),
(8, '薰衣草與芫荽', 1),
(9, '青檸羅勒與柑橘', 2),
(10, '牡丹與胭紅麂絨', 2),
(11, '英國梨與小蒼蘭', 2),
(12, '紅玫瑰', 2),
(13, '黑石榴', 2),
(14, '含羞草與小荳蔻', 3),
(15, '伯爵茶與小黃瓜', 3),
(16, '白茉莉與薄荷', 3),
(17, '鼠尾草與海鹽', 3),
(18, '橙花', 3);

-- --------------------------------------------------------

--
-- 資料表結構 `type`
--

CREATE TABLE `type` (
  `sid` int(11) NOT NULL,
  `type_name` varchar(255) NOT NULL,
  `description` varchar(255) NOT NULL
) ENGINE=InnoDB DEFAULT CHARSET=utf8;

--
-- 資料表的匯出資料 `type`
--

INSERT INTO `type` (`sid`, `type_name`, `description`) VALUES
(1, 'fra', '香水'),
(2, 'oil', '沐浴油'),
(3, 'cra', '潤膚乳霜'),
(4, 'gel', '手部及身體沐浴凝膠'),
(5, 'lo', '手部及身體潤膚乳液'),
(6, 'sp', '沐浴香皂'),
(7, 'cdl', '香氛工藝蠟燭'),
(8, 'st', '藤枝擴香組');

--
-- 已匯出資料表的索引
--

--
-- 資料表索引 `capacity`
--
ALTER TABLE `capacity`
  ADD PRIMARY KEY (`sid`);

--
-- 資料表索引 `price`
--
ALTER TABLE `price`
  ADD PRIMARY KEY (`sid`);

--
-- 資料表索引 `products`
--
ALTER TABLE `products`
  ADD PRIMARY KEY (`sid`);

--
-- 資料表索引 `series`
--
ALTER TABLE `series`
  ADD PRIMARY KEY (`sid`);

--
-- 資料表索引 `type`
--
ALTER TABLE `type`
  ADD PRIMARY KEY (`sid`);

--
-- 在匯出的資料表使用 AUTO_INCREMENT
--

--
-- 使用資料表 AUTO_INCREMENT `capacity`
--
ALTER TABLE `capacity`
  MODIFY `sid` int(11) NOT NULL AUTO_INCREMENT, AUTO_INCREMENT=8;
--
-- 使用資料表 AUTO_INCREMENT `price`
--
ALTER TABLE `price`
  MODIFY `sid` int(11) NOT NULL AUTO_INCREMENT, AUTO_INCREMENT=10;
--
-- 使用資料表 AUTO_INCREMENT `products`
--
ALTER TABLE `products`
  MODIFY `sid` int(11) NOT NULL AUTO_INCREMENT, AUTO_INCREMENT=69;
--
-- 使用資料表 AUTO_INCREMENT `series`
--
ALTER TABLE `series`
  MODIFY `sid` int(11) NOT NULL AUTO_INCREMENT, AUTO_INCREMENT=19;
--
-- 使用資料表 AUTO_INCREMENT `type`
--
ALTER TABLE `type`
  MODIFY `sid` int(11) NOT NULL AUTO_INCREMENT, AUTO_INCREMENT=9;

